{"Episode": 44, "_timestamp": 1676917294.6243174, "_runtime": 95.38988137245178, "_step": 610, "Reward": 1.0, "Buffer Size": 471}