{"Episode": 99, "_timestamp": 1676918685.2304676, "_runtime": 195.7383894920349, "_step": 3093, "Reward": 1.0, "Epsilon": 1.0, "Buffer Size": 1397, "Total Reward": 12.0, "_wandb": {"runtime": 863}}