{"Reward": 37.0, "_timestamp": 1676891695.4892654, "_runtime": 4194.100761413574, "_step": 999}