{"Reward": 9.0, "_timestamp": 1676904210.9147978, "_runtime": 1536.360280752182, "_step": 999}