{"Episode": 99, "_timestamp": 1676919650.6427124, "_runtime": 258.0387632846832, "_step": 4735, "Reward": 1.0, "Epsilon": 0.05, "Total Reward": 29.0, "Buffer Size": 2219, "_wandb": {"runtime": 634}}