{"Reward": 110.0, "_timestamp": 1676916889.0564373, "_runtime": 299.8569712638855, "_step": 99, "_wandb": {"runtime": 298}}