{"Episode": 210, "_timestamp": 1676917813.2322807, "_runtime": 485.3367257118225, "_step": 4317, "Reward": 1.0, "Buffer Size": 3674, "Total Reward": 11.0}